collected_at,station_id,name,address,lat,lon,status,banking,bike_stands,available_bikes,available_bike_stands,last_update,temperature_c,precipitation_mm,wind_speed_kmh,weather_code
2026-10-06T02:30:58+00:00,42,SMITHFIELD NORTH,Smithfield North,53.349562,-6.278198,OPEN,False,30,19,11,2026-10-06T02:24:27+00:00,16.1,0.1,7.9,51
2026-10-06T02:30:58+00:00,54,CLONMEL STREET,Clonmel Street,53.336021,-6.26298,OPEN,False,33,6,27,2026-10-06T02:24:40+00:00,16.1,0.1,7.9,51
2026-10-06T02:30:58+00:00,108,AVONDALE ROAD,Avondale Road,53.359405,-6.276142,OPEN,False,35,2,33,2026-10-06T02:23:14+00:00,16.1,0.1,7.9,51
2026-10-06T02:30:58+00:00,20,JAMES STREET EAST,James Street East,53.336485,-6.248174,OPEN,False,30,11,19,2026-10-06T02:23:16+00:00,16.1,0.1,7.9,51
2026-10-06T02:30:58+00:00,56,MOUNT STREET LOWER,Mount Street Lower,53.3379853,-6.2415388,OPEN,False,40,1,39,2026-10-06T02:23:13+00:00,16.1,0.1,7.9,51
2026-10-06T02:30:58+00:00,6,CHRISTCHURCH PLACE,Christchurch Place,53.343368,-6.27012,OPEN,False,20,9,11,2026-10-06T02:23:24+00:00,16.1,0.1,7.9,51
2026-10-06T02:30:58+00:00,18,GRANTHAM STREET,Grantham Street,53.3341256,-6.2656674,OPEN,False,30,8,22,2026-10-06T02:23:21+00:00,16.1,0.1,7.9,51
2026-10-06T02:30:58+00:00,32,PEARSE STREET,Pearse Street,53.344304,-6.250427,OPEN,False,30,0,30,2026-10-06T02:24:33+00:00,16.1,0.1,7.9,51
2026-10-06T02:30:58+00:00,52,YORK STREET EAST,York Street East,53.338755,-6.262003,OPEN,False,32,19,13,2026-10-06T02:25:52+00:00,16.1,0.1,7.9,51
2026-10-06T02:30:58+00:00,48,EXCISE WALK,Excise Walk,53.347777,-6.244239,OPEN,False,40,9,31,2026-10-06T02:27:03+00:00,16.1,0.1,7.9,51
2026-10-06T02:30:58+00:00,13,FITZWILLIAM SQUARE WEST,Fitzwilliam Square West,53.336074,-6.252825,OPEN,False,30,5,25,2026-10-06T02:23:30+00:00,16.1,0.1,7.9,51
2026-10-06T02:30:58+00:00,43,PORTOBELLO ROAD,Portobello Road,53.330091,-6.268044,OPEN,False,30,22,8,2026-10-06T02:23:22+00:00,16.1,0.1,7.9,51
2026-10-06T02:30:58+00:00,31,PARNELL STREET,Parnell Street,53.350929,-6.265125,OPEN,False,20,11,7,2026-10-06T02:23:24+00:00,16.1,0.1,7.9,51
2026-10-06T02:30:58+00:00,98,FREDERICK STREET SOUTH,Frederick Street South,53.341515,-6.256853,OPEN,False,40,12,28,2026-10-06T02:24:29+00:00,16.1,0.1,7.9,51
2026-10-06T02:30:58+00:00,14,FOWNES STREET UPPER,Fownes Street Upper,53.344603,-6.263371,OPEN,False,30,16,14,2026-10-06T02:23:20+00:00,16.1,0.1,7.9,51
2026-10-06T02:30:58+00:00,1,CLARENDON ROW,Clarendon Row,53.340927,-6.262501,OPEN,False,31,10,21,2026-10-06T02:23:21+00:00,16.1,0.1,7.9,51
2026-10-06T02:30:58+00:00,23,CUSTOM HOUSE,Custom House,53.3482821,-6.2543578,OPEN,False,30,12,18,2026-10-06T02:24:31+00:00,16.1,0.1,7.9,51
2026-10-06T02:30:58+00:00,106,RATHDOWN ROAD,Rathdown Road,53.35893,-6.280337,OPEN,False,40,11,29,2026-10-06T02:23:22+00:00,16.1,0.1,7.9,51
2026-10-06T02:30:58+00:00,112,NORTH CIRCULAR ROAD (O'CONNELL'S),North Circular Road (O'Connell's),53.357841,-6.251557,OPEN,False,30,16,9,2026-10-06T02:23:17+00:00,16.1,0.1,7.9,51
2026-10-06T02:30:58+00:00,68,HANOVER QUAY,Hanover Quay,53.344115,-6.237153,OPEN,False,40,33,7,2026-10-06T02:23:13+00:00,16.1,0.1,7.9,51
2026-10-06T02:30:58+00:00,74,OLIVER BOND STREET,Oliver Bond Street,53.343893,-6.280531,OPEN,False,30,12,18,2026-10-06T02:23:18+00:00,16.1,0.1,7.9,51
2026-10-06T02:30:58+00:00,87,COLLINS BARRACKS MUSEUM,Collins Barracks Museum,53.347477,-6.28525,OPEN,False,38,16,22,2026-10-06T02:24:24+00:00,16.1,0.1,7.9,51
2026-10-06T02:30:58+00:00,84,BROOKFIELD ROAD,Brookfield Road,53.339005,-6.300217,OPEN,False,30,15,15,2026-10-06T02:23:14+00:00,16.1,0.1,7.9,51
2026-10-06T02:30:58+00:00,90,BENSON STREET,Benson Street,53.344153,-6.233451,OPEN,False,40,2,38,2026-10-06T02:23:40+00:00,16.1,0.1,7.9,51
2026-10-06T02:30:58+00:00,11,EARLSFORT TERRACE,Earlsfort Terrace,53.334295,-6.258503,OPEN,False,30,14,16,2026-10-06T02:24:19+00:00,16.1,0.1,7.9,51
2026-10-06T02:30:58+00:00,17,GOLDEN LANE,Golden Lane,53.340803,-6.267732,OPEN,False,20,1,19,2026-10-06T02:24:35+00:00,16.1,0.1,7.9,51
2026-10-06T02:30:58+00:00,45,DEVERELL PLACE,Deverell Place,53.351464,-6.255265,OPEN,False,30,9,21,2026-10-06T02:23:51+00:00,16.1,0.1,7.9,51
2026-10-06T02:30:58+00:00,114,WILTON TERRACE (PARK),Wilton Terrace (Park),53.333653,-6.248345,OPEN,False,40,1,39,2026-10-06T02:23:11+00:00,16.1,0.1,7.9,51
2026-10-06T02:30:58+00:00,72,JOHN STREET WEST,John Street West,53.343105,-6.277167,OPEN,False,31,4,27,2026-10-06T02:23:21+00:00,16.1,0.1,7.9,51
2026-10-06T02:30:58+00:00,63,FENIAN STREET,Fenian Street,53.341428,-6.24672,OPEN,False,35,18,17,2026-10-06T02:23:17+00:00,16.1,0.1,7.9,51
2026-10-06T02:30:58+00:00,113,MERRION SQUARE SOUTH,Merrion Square South,53.338614,-6.248606,OPEN,False,40,6,34,2026-10-06T02:23:26+00:00,16.1,0.1,7.9,51
2026-10-06T02:30:58+00:00,91,SOUTH DOCK ROAD,South Dock Road,53.341833,-6.231291,OPEN,False,30,7,23,2026-10-06T02:23:25+00:00,16.1,0.1,7.9,51
2026-10-06T02:30:58+00:00,99,CITY QUAY,City Quay,53.346637,-6.246154,OPEN,False,30,6,24,2026-10-06T02:24:19+00:00,16.1,0.1,7.9,51
2026-10-06T02:30:58+00:00,9,EXCHEQUER STREET,Exchequer Street,53.343034,-6.263578,OPEN,False,24,2,22,2026-10-06T02:23:23+00:00,16.1,0.1,7.9,51
2026-10-06T02:30:58+00:00,67,THE POINT,The Point,53.346867,-6.230852,OPEN,False,40,18,22,2026-10-06T02:23:20+00:00,16.1,0.1,7.9,51
2026-10-06T02:30:58+00:00,116,BROADSTONE,Broadstone,53.3547,-6.272314,OPEN,False,30,9,21,2026-10-06T02:23:24+00:00,16.1,0.1,7.9,51
2026-10-06T02:30:58+00:00,55,HATCH STREET,Hatch Street,53.33403,-6.260714,OPEN,False,36,3,33,2026-10-06T02:23:27+00:00,16.1,0.1,7.9,51
2026-10-06T02:30:58+00:00,62,LIME STREET,Lime Street,53.346026,-6.243576,OPEN,False,40,1,39,2026-10-06T02:24:25+00:00,16.1,0.1,7.9,51
2026-10-06T02:30:58+00:00,5,CHARLEMONT PLACE,Charlemont Street,53.330704,-6.2600041,OPEN,False,40,36,4,2026-10-06T02:23:15+00:00,16.1,0.1,7.9,51
2026-10-06T02:30:58+00:00,97,KILMAINHAM GAOL,Kilmainham Gaol,53.342113,-6.310015,OPEN,False,40,17,23,2026-10-06T02:23:12+00:00,16.1,0.1,7.9,51
2026-10-06T02:30:58+00:00,61,HARDWICKE PLACE,Hardwicke Place,53.357043,-6.263232,OPEN,False,25,1,24,2026-10-06T02:24:46+00:00,16.1,0.1,7.9,51
2026-10-06T02:30:58+00:00,77,WOLFE TONE STREET,Wolfe Tone Street,53.348875,-6.267459,OPEN,False,29,19,10,2026-10-06T02:24:10+00:00,16.1,0.1,7.9,51
2026-10-06T02:30:58+00:00,73,FRANCIS STREET,Francis Street,53.342081,-6.275233,OPEN,False,30,14,16,2026-10-06T02:23:28+00:00,16.1,0.1,7.9,51
2026-10-06T02:30:58+00:00,4,GREEK STREET,Greek Street,53.346874,-6.272976,OPEN,False,20,7,13,2026-10-06T02:23:25+00:00,16.1,0.1,7.9,51
2026-10-06T02:30:58+00:00,49,GUILD STREET,Guild Street,53.347932,-6.240928,OPEN,False,40,18,22,2026-10-06T02:24:44+00:00,16.1,0.1,7.9,51
2026-10-06T02:30:58+00:00,19,HERBERT PLACE,Herbert Place,53.3347015,-6.2451391,OPEN,False,30,0,30,2026-10-06T02:24:24+00:00,16.1,0.1,7.9,51
2026-10-06T02:30:58+00:00,7,HIGH STREET,High Street,53.3434199,-6.2744134,OPEN,False,29,0,29,2026-10-06T02:23:23+00:00,16.1,0.1,7.9,51
2026-10-06T02:30:58+00:00,60,NORTH CIRCULAR ROAD,North Circular Road,53.359624,-6.260348,OPEN,False,30,22,8,2026-10-06T02:23:22+00:00,16.1,0.1,7.9,51
2026-10-06T02:30:58+00:00,102,WESTERN WAY,Western Way,53.354929,-6.269425,OPEN,False,40,14,26,2026-10-06T02:23:12+00:00,16.1,0.1,7.9,51
2026-10-06T02:30:58+00:00,38,TALBOT STREET,Talbot Street,53.3509988,-6.2526613,OPEN,False,40,10,30,2026-10-06T02:23:12+00:00,16.1,0.1,7.9,51
2026-10-06T02:30:58+00:00,53,NEWMAN HOUSE,Newman House,53.337132,-6.26059,OPEN,False,40,28,12,2026-10-06T02:23:21+00:00,16.1,0.1,7.9,51
2026-10-06T02:30:58+00:00,58,SIR PATRICK DUN'S,Sir Patrick's Dun,53.339218,-6.240642,OPEN,False,40,20,20,2026-10-06T02:24:34+00:00,16.1,0.1,7.9,51
2026-10-06T02:30:58+00:00,66,NEW CENTRAL BANK,New Central Bank,53.347122,-6.234749,OPEN,False,40,10,30,2026-10-06T02:23:16+00:00,16.1,0.1,7.9,51
2026-10-06T02:30:58+00:00,104,GRANGEGORMAN LOWER (CENTRAL),Grangegorman Lower (Central),53.355173,-6.278424,OPEN,False,40,0,40,2026-10-06T02:23:43+00:00,16.1,0.1,7.9,51
2026-10-06T02:30:58+00:00,101,KING STREET NORTH,King Street North,53.350291,-6.273507,OPEN,False,30,20,10,2026-10-06T02:23:21+00:00,16.1,0.1,7.9,51
2026-10-06T02:30:58+00:00,115,KILLARNEY STREET,Killarney Street,53.354845,-6.247579,OPEN,False,30,26,4,2026-10-06T02:23:29+00:00,16.1,0.1,7.9,51
2026-10-06T02:30:58+00:00,47,HERBERT STREET,Herbert Street,53.335742,-6.24551,OPEN,False,40,15,25,2026-10-06T02:23:21+00:00,16.1,0.1,7.9,51
2026-10-06T02:30:58+00:00,117,HANOVER QUAY EAST,Hanover Quay East,53.343653,-6.231755,OPEN,False,40,10,30,2026-10-06T02:23:12+00:00,16.1,0.1,7.9,51
2026-10-06T02:30:58+00:00,8,CUSTOM HOUSE QUAY,Custom House Quay,53.347884,-6.248048,OPEN,False,30,7,23,2026-10-06T02:23:23+00:00,16.1,0.1,7.9,51
2026-10-06T02:30:58+00:00,27,MOLESWORTH STREET,Molesworth Street,53.3412353,-6.2575938,OPEN,False,20,11,9,2026-10-06T02:23:27+00:00,16.1,0.1,7.9,51
2026-10-06T02:30:58+00:00,16,GEORGES QUAY,Georges Quay,53.347508,-6.252192,OPEN,False,20,11,9,2026-10-06T02:23:19+00:00,16.1,0.1,7.9,51
2026-10-06T02:30:58+00:00,96,KILMAINHAM LANE,Kilmainham Lane,53.341805,-6.305085,OPEN,False,30,2,28,2026-10-06T02:23:21+00:00,16.1,0.1,7.9,51
2026-10-06T02:30:58+00:00,82,MOUNT BROWN,Mount Brown,53.341645,-6.29719,OPEN,False,22,15,7,2026-10-06T02:28:04+00:00,16.1,0.1,7.9,51
2026-10-06T02:30:58+00:00,76,MARKET STREET SOUTH,Market Street South,53.342296,-6.287661,OPEN,False,38,14,24,2026-10-06T02:23:16+00:00,16.1,0.1,7.9,51
2026-10-06T02:30:58+00:00,71,KEVIN STREET,Kevin Street,53.337757,-6.267699,OPEN,False,40,33,7,2026-10-06T02:23:11+00:00,16.1,0.1,7.9,51
2026-10-06T02:30:58+00:00,79,ECCLES STREET EAST,Eccles Street East,53.358115,-6.265601,OPEN,False,27,0,27,2026-10-06T02:23:17+00:00,16.1,0.1,7.9,51
2026-10-06T02:30:58+00:00,69,GRAND CANAL DOCK,Grand Canal Dock,53.342638,-6.238695,OPEN,False,40,9,31,2026-10-06T02:23:18+00:00,16.1,0.1,7.9,51
2026-10-06T02:30:58+00:00,25,MERRION SQUARE EAST,Merrion Square East,53.339069,-6.247006,OPEN,False,30,16,14,2026-10-06T02:24:31+00:00,16.1,0.1,7.9,51
2026-10-06T02:30:58+00:00,51,YORK STREET WEST,York Street West,53.339334,-6.264699,OPEN,False,40,15,25,2026-10-06T02:24:16+00:00,16.1,0.1,7.9,51
2026-10-06T02:30:58+00:00,37,ST. STEPHEN'S GREEN SOUTH,St. Stephen's Green South,53.337494,-6.26199,OPEN,True,30,24,6,2026-10-06T02:23:23+00:00,16.1,0.1,7.9,51
2026-10-06T02:30:58+00:00,59,DENMARK STREET GREAT,Denmark Street Great,53.35561,-6.261397,OPEN,False,20,3,17,2026-10-06T02:23:25+00:00,16.1,0.1,7.9,51
2026-10-06T02:30:58+00:00,95,ROYAL HOSPITAL,Royal Hospital,53.343897,-6.29706,OPEN,False,40,30,10,2026-10-06T02:25:39+00:00,16.1,0.1,7.9,51
2026-10-06T02:30:58+00:00,94,HEUSTON STATION (CAR PARK),Heuston Station (Car Park),53.346985,-6.297804,OPEN,False,40,2,38,2026-10-06T02:23:28+00:00,16.1,0.1,7.9,51
2026-10-06T02:30:58+00:00,105,GRANGEGORMAN LOWER (NORTH),Grangegorman Lower (North),53.355954,-6.278378,OPEN,False,36,2,34,2026-10-06T02:23:23+00:00,16.1,0.1,7.9,51
2026-10-06T02:30:58+00:00,36,ST. STEPHEN'S GREEN EAST,St. Stephen's Green East,53.337636,-6.256218,OPEN,False,40,12,28,2026-10-06T02:23:15+00:00,16.1,0.1,7.9,51
2026-10-06T02:30:58+00:00,93,HEUSTON STATION (CENTRAL),Heuston Station (Central),53.346603,-6.296924,OPEN,False,40,29,11,2026-10-06T02:23:16+00:00,16.1,0.1,7.9,51
2026-10-06T02:30:58+00:00,22,TOWNSEND STREET,Townsend Street,53.345922,-6.254614,OPEN,False,20,12,8,2026-10-06T02:23:29+00:00,16.1,0.1,7.9,51
2026-10-06T02:30:58+00:00,50,GEORGES LANE,George's Lane,53.35023,-6.279696,OPEN,False,40,33,7,2026-10-06T02:23:19+00:00,16.1,0.1,7.9,51
2026-10-06T02:30:58+00:00,110,PHIBSBOROUGH ROAD,Phibsborough Road,53.356307,-6.273717,OPEN,False,40,19,21,2026-10-06T02:23:12+00:00,16.1,0.1,7.9,51
2026-10-06T02:30:58+00:00,12,ECCLES STREET,Eccles Street,53.359246,-6.269779,OPEN,False,20,3,17,2026-10-06T02:23:20+00:00,16.1,0.1,7.9,51
2026-10-06T02:30:58+00:00,34,LENNOX STREET,Lennox Street,53.331384,-6.265023,OPEN,False,40,18,22,2026-10-06T02:23:14+00:00,16.1,0.1,7.9,51
2026-10-06T02:30:58+00:00,78,MATER HOSPITAL,Mater Hospital,53.359967,-6.264828,OPEN,False,40,6,34,2026-10-06T02:23:12+00:00,16.1,0.1,7.9,51
2026-10-06T02:30:58+00:00,2,BLESSINGTON STREET,Blessington Street,53.356769,-6.26814,OPEN,False,20,4,16,2026-10-06T02:23:16+00:00,16.1,0.1,7.9,51
2026-10-06T02:30:58+00:00,75,JAMES STREET,James Street,53.343456,-6.287409,OPEN,False,40,11,29,2026-10-06T02:22:35+00:00,16.1,0.1,7.9,51
2026-10-06T02:30:58+00:00,111,MOUNTJOY SQUARE EAST,Mountjoy Square East,53.356717,-6.256359,OPEN,False,40,8,32,2026-10-06T02:23:15+00:00,16.1,0.1,7.9,51
2026-10-06T02:30:58+00:00,26,MERRION SQUARE WEST,Merrion Square West,53.3400705,-6.2517163,OPEN,True,20,0,20,2026-10-06T02:25:09+00:00,16.1,0.1,7.9,51
2026-10-06T02:30:58+00:00,65,CONVENTION CENTRE,Convention Centre,53.34744,-6.238523,OPEN,False,40,9,31,2026-10-06T02:23:16+00:00,16.1,0.1,7.9,51
2026-10-06T02:30:58+00:00,15,HARDWICKE STREET,Hardwicke Street,53.355473,-6.264423,OPEN,False,16,3,13,2026-10-06T02:23:21+00:00,16.1,0.1,7.9,51
2026-10-06T02:30:58+00:00,86,PARKGATE STREET,Parkgate Street,53.347972,-6.291804,OPEN,False,38,31,7,2026-10-06T02:23:24+00:00,16.1,0.1,7.9,51
2026-10-06T02:30:58+00:00,35,SMITHFIELD,Smithfield,53.347692,-6.278214,OPEN,False,30,9,21,2026-10-06T02:23:19+00:00,16.1,0.1,7.9,51
2026-10-06T02:30:58+00:00,10,DAME STREET,Dame Street,53.344007,-6.266802,OPEN,True,16,8,8,2026-10-06T02:23:18+00:00,16.1,0.1,7.9,51
2026-10-06T02:30:58+00:00,100,HEUSTON BRIDGE (SOUTH),Heuston Bridge (South),53.347106,-6.292041,OPEN,False,25,23,2,2026-10-06T02:23:24+00:00,16.1,0.1,7.9,51
2026-10-06T02:30:58+00:00,24,CATHAL BRUGHA STREET,Cathal Brugha Street,53.3522131,-6.2603279,OPEN,False,20,6,13,2026-10-06T02:23:24+00:00,16.1,0.1,7.9,51
2026-10-06T02:30:58+00:00,64,SANDWITH STREET,Sandwith Street,53.345203,-6.247163,OPEN,False,40,24,16,2026-10-06T02:23:21+00:00,16.1,0.1,7.9,51
2026-10-06T02:30:58+00:00,109,BUCKINGHAM STREET LOWER,Buckingham Street Lower,53.353331,-6.249319,OPEN,False,29,8,21,2026-10-06T02:23:20+00:00,16.1,0.1,7.9,51
2026-10-06T02:30:58+00:00,85,ROTHE ABBEY,Rothe Abbey,53.338776,-6.30395,OPEN,False,35,9,26,2026-10-06T02:22:28+00:00,16.1,0.1,7.9,51
2026-10-06T02:30:58+00:00,107,CHARLEVILLE ROAD,Charleville Road,53.359157,-6.281866,OPEN,False,40,20,20,2026-10-06T02:23:21+00:00,16.1,0.1,7.9,51
2026-10-06T02:30:58+00:00,33,PRINCES STREET / O'CONNELL STREET,Princes Street / O'Connell Street,53.349013,-6.260311,OPEN,False,23,17,6,2026-10-06T02:24:32+00:00,16.1,0.1,7.9,51
2026-10-06T02:30:58+00:00,44,UPPER SHERRARD STREET,Upper Sherrard Street,53.3585932,-6.2602984,OPEN,False,30,19,11,2026-10-06T02:24:40+00:00,16.1,0.1,7.9,51
2026-10-06T02:30:58+00:00,89,FITZWILLIAM SQUARE EAST,Fitzwilliam Square East,53.335211,-6.2509,OPEN,False,40,21,19,2026-10-06T02:23:13+00:00,16.1,0.1,7.9,51
2026-10-06T02:30:58+00:00,57,GRATTAN STREET,Grattan Street,53.339629,-6.243778,OPEN,False,23,17,6,2026-10-06T02:27:41+00:00,16.1,0.1,7.9,51
2026-10-06T02:30:58+00:00,80,ST JAMES HOSPITAL (LUAS),St James Hospital (Luas),53.341359,-6.292951,OPEN,False,40,1,39,2026-10-06T02:24:37+00:00,16.1,0.1,7.9,51
2026-10-06T02:30:58+00:00,41,HARCOURT TERRACE,Harcourt Terrace,53.3324162,-6.2578697,OPEN,False,20,7,13,2026-10-06T02:23:21+00:00,16.1,0.1,7.9,51
2026-10-06T02:30:58+00:00,3,BOLTON STREET,Bolton Street,53.351182,-6.269859,OPEN,False,20,16,4,2026-10-06T02:23:24+00:00,16.1,0.1,7.9,51
2026-10-06T02:30:58+00:00,40,JERVIS STREET,Jervis Street,53.3483,-6.266651,OPEN,False,21,6,15,2026-10-06T02:23:58+00:00,16.1,0.1,7.9,51
2026-10-06T02:30:58+00:00,29,ORMOND QUAY UPPER,Ormond Quay Upper,53.3461075,-6.2683448,OPEN,False,29,29,0,2026-10-06T02:24:36+00:00,16.1,0.1,7.9,51
2026-10-06T02:30:58+00:00,70,BARROW STREET,Barrow Street,53.338311,-6.236779,OPEN,False,21,15,6,2026-10-06T02:23:08+00:00,16.1,0.1,7.9,51
2026-10-06T02:30:58+00:00,103,GRANGEGORMAN LOWER (SOUTH),Grangegorman Lower (South),53.354663,-6.278681,OPEN,False,40,12,28,2026-10-06T02:23:21+00:00,16.1,0.1,7.9,51
2026-10-06T02:30:58+00:00,28,MOUNTJOY SQUARE WEST,Mountjoy Square West,53.356299,-6.258586,OPEN,False,30,13,17,2026-10-06T02:23:15+00:00,16.1,0.1,7.9,51
2026-10-06T02:30:58+00:00,39,WILTON TERRACE,Wilton Terrace,53.332383,-6.252717,OPEN,False,20,2,18,2026-10-06T02:23:23+00:00,16.1,0.1,7.9,51
2026-10-06T02:30:58+00:00,83,EMMET ROAD,Emmet Road,53.340714,-6.308191,OPEN,False,40,23,17,2026-10-06T02:23:21+00:00,16.1,0.1,7.9,51
2026-10-06T02:30:58+00:00,21,LEINSTER STREET SOUTH,Leinster Street South,53.3421448,-6.2541845,OPEN,False,30,0,30,2026-10-06T02:24:39+00:00,16.1,0.1,7.9,51
2026-10-06T02:30:58+00:00,88,BLACKHALL PLACE,Blackhall Place,53.3488,-6.281637,OPEN,False,30,13,17,2026-10-06T02:23:27+00:00,16.1,0.1,7.9,51
